"name","category","energyKCal","predicted","diffPct","reason"
"蜂胶液","其他类","","","","缺能量值"
"蜂王浆","其他类","","","","缺能量值"
"菜籽油 [青油]","植物油","","","","缺能量值"
"茶油","植物油","","","","缺能量值"
"大麻油 [粟米油]","植物油","","","","缺能量值"
"豆油","植物油","","","","缺能量值"
"红花油","植物油","","","","缺能量值"
"胡麻油","植物油","","","","缺能量值"
"花生油","植物油","","","","缺能量值"
"混合油（菜+棕）","植物油","","","","缺能量值"
"葵花子油","植物油","","","","缺能量值"
"辣椒油","植物油","","","","缺能量值"
"麻子籽","植物油","","","","缺能量值"
"麦胚油","植物油","","","","缺能量值"
"棉籽油","植物油","","","","缺能量值"
"色拉油","植物油","","","","缺能量值"
"椰子油","植物油","","","","缺能量值"
"玉米油","植物油","","","","缺能量值"
"芝麻油 [香油]","植物油","","","","缺能量值"
"棕榈油","植物油","","","","缺能量值"
"橄榄油","植物油","","","","缺能量值"
"库尔勒香梨","水果类及其制品","42","55","30.7%","能量与三大营养素不符，疑似识别错误"
"软梨","水果类及其制品","32","50","56.9%","能量与三大营养素不符，疑似识别错误"
"红果（干）","水果类及其制品","251","351","39.7%","能量与三大营养素不符，疑似识别错误"
"猴头菇（罐装）","菌藻类","21","29","40.0%","能量与三大营养素不符，疑似识别错误"
"黄蘑（水发）","菌藻类","30","40","33.3%","能量与三大营养素不符，疑似识别错误"
"松蘑（干）[松口蘑，松茸]","菌藻类","207","303","46.3%","能量与三大营养素不符，疑似识别错误"
"干巴菌","菌藻类","38","51","33.7%","能量与三大营养素不符，疑似识别错误"
"红奶浆菌[多汁乳菇、谷熟菌]","菌藻类","18","23","26.7%","能量与三大营养素不符，疑似识别错误"
"乳牛肝菌（干）[粘盖牛肝菌、松树菌]","菌藻类","264","350","32.7%","能量与三大营养素不符，疑似识别错误"
"松蘑（干）[松茸、松口蘑]","菌藻类","273","343","25.6%","能量与三大营养素不符，疑似识别错误"
"元蘑（干）[亚侧耳、冬蘑、黄蘑]","菌藻类","245","344","40.4%","能量与三大营养素不符，疑似识别错误"
"竹荪（干）[竹笙、竹参]","菌藻类","248","340","37.2%","能量与三大营养素不符，疑似识别错误"
"发菜（干）[仙菜]","菌藻类","259","329","26.8%","能量与三大营养素不符，疑似识别错误"
"海冻菜（干）[石花菜,冻菜]","菌藻类","","","","缺能量值"
"裙带菜（干）[海芥菜,海木耳]","菌藻类","219","281","28.4%","能量与三大营养素不符，疑似识别错误"
"大白菜（青口）","蔬菜类及其制品","12","16","30.8%","能量与三大营养素不符，疑似识别错误"
"酸白菜[酸菜]","蔬菜类及其制品","10","15","50.0%","能量与三大营养素不符，疑似识别错误"
"小白菜[青菜]","蔬菜类及其制品","14","18","27.9%","能量与三大营养素不符，疑似识别错误"
"娃娃菜","蔬菜类及其制品","13","19","46.2%","能量与三大营养素不符，疑似识别错误"
"乌塌菜 [塌菜、塌棵菜]","蔬菜类及其制品","13","19","42.3%","能量与三大营养素不符，疑似识别错误"
"油菜","蔬菜类及其制品","14","18","26.4%","能量与三大营养素不符，疑似识别错误"
"油菜心","蔬菜类及其制品","15","20","30.7%","能量与三大营养素不符，疑似识别错误"
"芥菜（茎用，鲜）[青头菜]","蔬菜类及其制品","13","18","40.0%","能量与三大营养素不符，疑似识别错误"
"结球甘蓝（绿）[圆白菜]","蔬菜类及其制品","17","21","25.9%","能量与三大营养素不符，疑似识别错误"
"结球甘蓝（紫）[圆白菜]","蔬菜类及其制品","25","31","25.6%","能量与三大营养素不符，疑似识别错误"
"抱子甘蓝[小圆白菜]","蔬菜类及其制品","36","51","41.7%","能量与三大营养素不符，疑似识别错误"
"羽衣甘蓝","蔬菜类及其制品","69","46","32.8%","能量与三大营养素不符，疑似识别错误"
"盖菜","蔬菜类及其制品","13","19","46.2%","能量与三大营养素不符，疑似识别错误"
"芥蓝 [甘蓝菜、盖蓝菜]","蔬菜类及其制品","24","31","31.2%","能量与三大营养素不符，疑似识别错误"
"菜花（白色）[花椰菜]","蔬菜类及其制品","20","25","27.0%","能量与三大营养素不符，疑似识别错误"
"西兰花 [绿菜花]","蔬菜类及其制品","27","34","26.7%","能量与三大营养素不符，疑似识别错误"
"番杏[新西兰菠菜、夏菠菜]","蔬菜类及其制品","15","21","36.7%","能量与三大营养素不符，疑似识别错误"
"樱桃萝卜缨","蔬菜类及其制品","14","20","40.7%","能量与三大营养素不符，疑似识别错误"
"白凤菜","蔬菜类及其制品","16","24","51.2%","能量与三大营养素不符，疑似识别错误"
"西芹[西洋芹菜，美芹]","蔬菜类及其制品","17","22","32.4%","能量与三大营养素不符，疑似识别错误"
"油麦菜","蔬菜类及其制品","12","16","36.7%","能量与三大营养素不符，疑似识别错误"
"叶甜菜 (白梗)","蔬菜类及其制品","13","19","42.3%","能量与三大营养素不符，疑似识别错误"
"萹菜 [空心菜、藤藤菜]","蔬菜类及其制品","19","27","40.0%","能量与三大营养素不符，疑似识别错误"
"白笋 (干)","蔬菜类及其制品","282","368","30.6%","能量与三大营养素不符，疑似识别错误"
"玉兰片","蔬菜类及其制品","66","88","33.9%","能量与三大营养素不符，疑似识别错误"
"芦笋 (绿) [石刁柏、龙须菜]","蔬菜类及其制品","19","25","28.9%","能量与三大营养素不符，疑似识别错误"
"结球菊苣 (红)","蔬菜类及其制品","17","23","32.9%","能量与三大营养素不符，疑似识别错误"
"三七尖","蔬菜类及其制品","21","27","28.6%","能量与三大营养素不符，疑似识别错误"
"樱桃萝卜","蔬菜类及其制品","12","17","37.5%","能量与三大营养素不符，疑似识别错误"
"根芹[根洋芹、球根塘蒿]","蔬菜类及其制品","38","50","30.8%","能量与三大营养素不符，疑似识别错误"
"辣椒（红，尖，干）","蔬菜类及其制品","295","379","28.4%","能量与三大营养素不符，疑似识别错误"
"茄子（白皮、长）","蔬菜类及其制品","21","28","33.8%","能量与三大营养素不符，疑似识别错误"
"茄子（紫皮、长）","蔬菜类及其制品","18","25","36.1%","能量与三大营养素不符，疑似识别错误"
"辣椒（小红尖辣椒）","蔬菜类及其制品","62","91","46.5%","能量与三大营养素不符，疑似识别错误"
"辣椒（小红尖辣椒、干）","蔬菜类及其制品","298","399","34.0%","能量与三大营养素不符，疑似识别错误"
"彩椒","蔬菜类及其制品","26","33","25.4%","能量与三大营养素不符，疑似识别错误"
"秋葵 [黄秋葵、羊角豆]","蔬菜类及其制品","25","34","35.2%","能量与三大营养素不符，疑似识别错误"
"冬瓜","蔬菜类及其制品","10","13","26.0%","能量与三大营养素不符，疑似识别错误"
"黄金西葫芦","蔬菜类及其制品","17","23","32.4%","能量与三大营养素不符，疑似识别错误"
"艾蒿","蔬菜类及其制品","","","","缺能量值"
"白花菜","蔬菜类及其制品","","","","缺能量值"
"白花桔梗","蔬菜类及其制品","","","","缺能量值"
"白沙蒿（鲜）[沙蒿]","蔬菜类及其制品","232","59","74.4%","能量与三大营养素不符，疑似识别错误"
"白沙蒿子（干）[沙蒿子]","蔬菜类及其制品","1722","412","76.1%","能量与三大营养素不符，疑似识别错误"
"白薯叶（鲜）[甘薯叶]","蔬菜类及其制品","249","62","75.3%","能量与三大营养素不符，疑似识别错误"
"百里香（鲜）","蔬菜类及其制品","","","","缺能量值"
"败酱（鲜）[胭脂麻]","蔬菜类及其制品","290","84","71.0%","能量与三大营养素不符，疑似识别错误"
"扁蓄菜（鲜）[竹节草]","蔬菜类及其制品","313","79","74.8%","能量与三大营养素不符，疑似识别错误"
"朝鲜蓟（鲜）","蔬菜类及其制品","226","56","75.1%","能量与三大营养素不符，疑似识别错误"
"刺儿菜（鲜）[小蓟，蓟蓟菜]","蔬菜类及其制品","174","45","74.0%","能量与三大营养素不符，疑似识别错误"
"刺楸（鲜）","蔬菜类及其制品","","","","缺能量值"
"达乌里胡枝子（鲜）[牛枝子，豆豆苗]","蔬菜类及其制品","491","129","73.6%","能量与三大营养素不符，疑似识别错误"
"达乌里胡枝子子（鲜）[牛枝子子，豆豆苗子]","蔬菜类及其制品","1535","389","74.7%","能量与三大营养素不符，疑似识别错误"
"大玻璃草叶（鲜）[大车前]","蔬菜类及其制品","206","56","73.1%","能量与三大营养素不符，疑似识别错误"
"大巢菜（鲜）[野苕子，野豌豆]","蔬菜类及其制品","264","74","71.9%","能量与三大营养素不符，疑似识别错误"
"大蓟叶（鲜）[飞廉叶]","蔬菜类及其制品","158","41","74.3%","能量与三大营养素不符，疑似识别错误"
"地肤（鲜）[益明，扫帚苗]","蔬菜类及其制品","273","70","74.5%","能量与三大营养素不符，疑似识别错误"
"地笋（鲜）[地古牛，地瓜儿苗叶]","蔬菜类及其制品","288","78","72.8%","能量与三大营养素不符，疑似识别错误"
"豆腐柴（鲜）","蔬菜类及其制品","","","","缺能量值"
"独行菜（宽，鲜）","蔬菜类及其制品","","","","缺能量值"
"胡枝子（鲜）[山豆子]","蔬菜类及其制品","579","159","72.5%","能量与三大营养素不符，疑似识别错误"
"槐花（鲜）[洋槐花，豆槐花]","蔬菜类及其制品","344","87","74.8%","能量与三大营养素不符，疑似识别错误"
"黄麻叶（鲜）","蔬菜类及其制品","177","45","74.7%","能量与三大营养素不符，疑似识别错误"
"碱蓬（鲜）[棉蓬，猪毛菜]","蔬菜类及其制品","138","35","74.9%","能量与三大营养素不符，疑似识别错误"
"苦苦菜（鲜）","蔬菜类及其制品","174","45","74.0%","能量与三大营养素不符，疑似识别错误"
"轮叶党参","蔬菜类及其制品","","","","缺能量值"
"罗勒[兰香]","蔬菜类及其制品","108","72","33.1%","能量与三大营养素不符，疑似识别错误"
"马齿苋（鲜）[长寿菜，瓜子菜]","蔬菜类及其制品","117","29","75.0%","能量与三大营养素不符，疑似识别错误"
"马兰头（鲜）[马兰，鸡儿肠，路边菊]","蔬菜类及其制品","119","32","73.4%","能量与三大营养素不符，疑似识别错误"
"麦瓶草（鲜）[米瓦罐]","蔬菜类及其制品","159","40","74.8%","能量与三大营养素不符，疑似识别错误"
"牛至","蔬菜类及其制品","","","","缺能量值"
"牛蒡叶（鲜）","蔬菜类及其制品","174","46","73.3%","能量与三大营养素不符，疑似识别错误"
"爬景天（鲜）[石头菜]","蔬菜类及其制品","87","23","73.9%","能量与三大营养素不符，疑似识别错误"
"喷瓜","蔬菜类及其制品","","","","缺能量值"
"婆罗门参（白，鲜）","蔬菜类及其制品","","","","缺能量值"
"婆罗门参（黑，鲜）[鸦葱]","蔬菜类及其制品","","","","缺能量值"
"蒲公英叶（鲜）[黄花苗叶，孛孛丁叶]","蔬菜类及其制品","221","57","74.2%","能量与三大营养素不符，疑似识别错误"
"掐不齐（鲜）[鸡眼草，牛黄草]","蔬菜类及其制品","462","131","71.6%","能量与三大营养素不符，疑似识别错误"
"清明菜（鲜）[鼠曲菜]","蔬菜类及其制品","206","53","74.1%","能量与三大营养素不符，疑似识别错误"
"沙参叶（鲜）[白参]","蔬菜类及其制品","390","104","73.3%","能量与三大营养素不符，疑似识别错误"
"沙蓬子（鲜）[沙米]","蔬菜类及其制品","1459","361","75.2%","能量与三大营养素不符，疑似识别错误"
"山苦荬叶（鲜）[启明菜叶]","蔬菜类及其制品","139","35","75.0%","能量与三大营养素不符，疑似识别错误"
"食用大黄（鲜）","蔬菜类及其制品","39","26","33.6%","能量与三大营养素不符，疑似识别错误"
"汤菜（鲜）","蔬菜类及其制品","99","25","74.4%","能量与三大营养素不符，疑似识别错误"
"土三七（鲜）[景天三七]","蔬菜类及其制品","200","51","74.7%","能量与三大营养素不符，疑似识别错误"
"歪头菜（鲜）[草豆，二叶萩]","蔬菜类及其制品","308","84","72.6%","能量与三大营养素不符，疑似识别错误"
"梧桐子（鲜）[瓢儿果]","蔬菜类及其制品","2341","564","75.9%","能量与三大营养素不符，疑似识别错误"
"夏枯草（鲜）[铁色草]","蔬菜类及其制品","265","67","74.7%","能量与三大营养素不符，疑似识别错误"
"香椿（鲜）[香椿芽]","蔬菜类及其制品","211","54","74.4%","能量与三大营养素不符，疑似识别错误"
"小旋花（鲜）[狗儿蔓]","蔬菜类及其制品","251","153","39.0%","能量与三大营养素不符，疑似识别错误"
"鸭跖草（鲜）[竹叶菜，淡竹叶]","蔬菜类及其制品","144","37","74.5%","能量与三大营养素不符，疑似识别错误"
"野葱（鲜）[沙葱，麦葱]","蔬菜类及其制品","152","39","74.1%","能量与三大营养素不符，疑似识别错误"
"野韭菜（鲜）[山韭]","蔬菜类及其制品","182","52","71.6%","能量与三大营养素不符，疑似识别错误"
"野菊（鲜）","蔬菜类及其制品","195","53","72.7%","能量与三大营养素不符，疑似识别错误"
"野蒜（鲜）[小蒜，野葱]","蔬菜类及其制品","144","38","73.3%","能量与三大营养素不符，疑似识别错误"
"野苋菜（鲜）[假苋菜]","蔬菜类及其制品","260","65","74.8%","能量与三大营养素不符，疑似识别错误"
"茵陈蒿（鲜）[茵陈]","蔬菜类及其制品","273","74","72.9%","能量与三大营养素不符，疑似识别错误"
"榆钱（鲜）","蔬菜类及其制品","187","53","71.6%","能量与三大营养素不符，疑似识别错误"
"茼蒿子（干）[紫茼蒿子]","蔬菜类及其制品","1501","384","74.5%","能量与三大营养素不符，疑似识别错误"
"荠菜（鲜）[野荠]","蔬菜类及其制品","54","15","71.5%","能量与三大营养素不符，疑似识别错误"
"蒌蒿（鲜）","蔬菜类及其制品","239","57","76.1%","能量与三大营养素不符，疑似识别错误"
"蕨菜（鲜）[龙头菜，如意菜]","蔬菜类及其制品","177","46","74.0%","能量与三大营养素不符，疑似识别错误"
"蕨菜（脱水）","蔬菜类及其制品","1265","353","72.1%","能量与三大营养素不符，疑似识别错误"
"蕨麻（干）[鹅绒委陵菜]","蔬菜类及其制品","1492","363","75.7%","能量与三大营养素不符，疑似识别错误"
"枸杞菜（鲜）[枸杞，地骨]","蔬菜类及其制品","197","50","74.5%","能量与三大营养素不符，疑似识别错误"
"酢浆草（鲜）[酸模草，酸溜溜]","蔬菜类及其制品","278","67","76.1%","能量与三大营养素不符，疑似识别错误"
"苦苣菜[苦菜、天精菜]","蔬菜类及其制品","136","36","73.7%","能量与三大营养素不符，疑似识别错误"
"苜蓿[草头、金花菜]","蔬菜类及其制品","148","38","74.4%","能量与三大营养素不符，疑似识别错误"
"鱼腥草（叶）[蕺菜、臭菜]","蔬菜类及其制品","131","52","60.2%","能量与三大营养素不符，疑似识别错误"
"鱼腥草（根）","蔬菜类及其制品","261","87","66.6%","能量与三大营养素不符，疑似识别错误"
"枸杞叶","蔬菜类及其制品","34","45","32.1%","能量与三大营养素不符，疑似识别错误"
"扁豆","蔬菜类及其制品","32","41","26.9%","能量与三大营养素不符，疑似识别错误"
"豇豆","蔬菜类及其制品","32","41","27.2%","能量与三大营养素不符，疑似识别错误"
"四季豆 [菜豆、芸豆]","蔬菜类及其制品","24","34","40.8%","能量与三大营养素不符，疑似识别错误"
"四棱豆 [杨桃豆、翅豆]","蔬菜类及其制品","19","27","40.0%","能量与三大营养素不符，疑似识别错误"
"甜脆荷兰豆 [甜豆]","蔬菜类及其制品","32","47","47.2%","能量与三大营养素不符，疑似识别错误"
"魔芋精粉 [鬼芋粉,南星粉]","薯类淀粉及其制品","186","334","79.8%","能量与三大营养素不符，疑似识别错误"
"玉米笋（罐头）","谷类及其制品","16","26","61.3%","能量与三大营养素不符，疑似识别错误"